N,P,K,pH,temperature,moisture,fertility,crop
62.44,15.18,72.81,7.19,26.44,23.78,High,Maize
143.1,34.8,69.27,7.69,31.11,26.57,Medium,Cotton
112.48,53.01,227.5,5.5,30.2,39.91,Low,Millets
93.81,45.27,69.89,7.0,18.08,21.9,High,Maize
31.84,49.36,75.27,6.79,17.98,40.44,Medium,Pulses
31.84,41.23,192.26,7.83,20.36,13.08,Low,Groundnut
18.13,43.08,117.94,8.12,22.22,37.19,Low,Millets
131.26,51.71,196.41,4.55,23.17,39.66,Low,Millets
94.16,18.73,25.69,7.2,28.59,16.36,High,Wheat
109.13,31.92,127.02,4.71,16.13,25.06,High,Maize
12.88,17.17,18.07,6.7,15.69,15.79,High,Sugarcane
145.79,59.32,25.04,5.65,22.84,34.73,Low,Millets
126.54,56.92,227.54,5.73,28.94,28.74,Low,Groundnut
39.73,7.17,43.42,5.91,18.87,32.24,Low,Groundnut
35.46,43.81,137.78,6.99,27.83,16.88,High,Maize
35.68,55.89,108.66,5.84,20.2,17.41,Low,Millets
52.59,14.93,93.36,7.43,32.72,11.45,High,Maize
83.47,36.24,225.96,6.12,32.91,21.27,High,Sugarcane
70.47,55.35,15.24,4.77,20.95,29.59,Medium,Pulses
50.77,6.87,169.31,7.64,19.6,40.03,Low,Groundnut
95.66,43.36,241.21,5.64,23.23,33.34,Low,Groundnut
29.53,21.35,144.44,6.23,19.81,25.24,High,Wheat
50.9,55.84,234.84,7.24,28.45,43.36,Low,Groundnut
61.29,58.41,22.54,5.83,31.52,35.17,Low,Groundnut
73.85,56.93,110.51,4.73,28.46,42.56,Low,Groundnut
119.92,31.08,72.44,6.0,31.49,28.47,High,Wheat
37.95,52.41,185.4,8.28,22.94,19.06,Low,Groundnut
81.99,51.45,245.51,7.07,18.13,11.85,Low,Groundnut
92.94,22.55,71.57,7.19,29.76,35.41,High,Maize
16.5,50.59,167.0,7.03,22.21,14.25,Low,Millets
95.06,7.04,57.54,5.3,28.43,20.6,Medium,Pulses
33.87,37.79,145.68,6.17,20.41,28.64,High,Maize
19.11,17.65,121.34,7.5,16.62,29.75,High,Rice
142.84,11.63,243.28,4.91,34.85,31.02,Low,Groundnut
145.19,9.23,156.05,5.61,18.12,15.82,Low,Millets
123.18,43.3,93.88,5.61,34.77,23.29,Medium,Oats
52.65,23.69,37.38,6.23,34.55,31.6,High,Rice
23.67,44.86,46.3,8.42,30.88,43.94,Low,Groundnut
105.79,8.59,64.08,4.77,28.19,35.47,Low,Millets
71.62,22.34,70.23,6.57,26.56,42.29,High,Maize
27.09,34.67,214.15,5.22,32.32,36.68,Low,Millets
79.32,48.49,144.69,8.38,20.79,30.71,Medium,Oats
14.81,22.53,135.61,4.95,24.35,16.72,Medium,Barley
137.3,39.42,37.54,6.11,27.39,33.33,Medium,Pulses
46.23,53.73,216.43,7.45,23.22,31.82,Low,Millets
102.75,38.87,183.48,7.32,23.55,31.09,High,Maize
53.64,17.81,26.24,6.19,21.61,27.14,High,Rice
82.81,6.34,179.88,5.89,26.28,28.5,Medium,Oats
86.54,52.86,140.45,6.09,32.01,21.71,High,Sugarcane
35.88,6.17,29.61,5.56,19.03,28.18,Low,Millets
145.74,53.11,119.99,5.32,33.69,16.91,Low,Millets
118.52,34.09,126.33,6.43,28.78,38.18,High,Maize
141.53,56.65,49.79,5.57,31.47,16.5,Low,Groundnut
135.28,48.93,236.97,5.65,26.12,12.97,Low,Millets
93.71,59.89,213.99,7.13,30.59,25.27,Medium,Cotton
139.06,24.29,170.57,8.37,15.32,33.04,Low,Millets
22.39,47.2,120.95,6.91,31.37,25.32,High,Wheat
37.44,27.11,108.82,4.81,15.8,19.69,Medium,Barley
16.33,31.39,166.23,4.8,32.8,29.54,Medium,Barley
55.55,39.51,140.9,8.31,34.84,22.15,High,Maize
64.41,53.05,24.95,5.69,20.88,42.65,Low,Millets
47.99,59.12,133.0,4.87,19.21,42.29,Low,Millets
126.02,47.26,203.54,6.9,30.31,27.58,Medium,Barley
59.95,27.98,120.22,6.99,20.06,21.48,High,Rice
49.33,28.17,22.47,7.09,32.31,35.8,High,Sugarcane
85.98,45.57,198.71,5.57,17.06,11.28,Medium,Cotton
29.73,18.13,58.33,4.56,17.52,26.62,Medium,Pulses
122.31,11.08,72.07,8.36,34.58,21.77,Medium,Barley
20.44,24.5,49.53,5.5,28.48,42.22,Low,Groundnut
148.16,20.8,89.25,7.2,31.94,10.42,Medium,Oats
118.11,21.3,191.62,7.33,21.49,29.35,High,Maize
37.82,17.85,134.65,6.94,28.53,35.92,Medium,Barley
10.77,7.32,59.17,5.75,26.88,26.98,Low,Groundnut
124.16,5.98,220.68,5.58,27.06,12.99,Low,Groundnut
108.96,59.32,221.1,6.89,28.65,44.04,Low,Groundnut
112.06,28.53,218.94,7.96,26.51,28.13,Medium,Oats
117.98,26.14,67.31,8.29,23.58,31.5,Medium,Barley
20.37,42.38,118.3,4.92,20.52,18.28,Medium,Oats
60.19,17.0,246.4,5.12,30.37,26.92,Medium,Pulses
26.22,57.25,195.28,8.28,19.53,25.02,Low,Groundnut
130.83,48.25,16.52,7.45,28.85,12.62,Medium,Pulses
97.26,9.92,25.65,8.03,19.67,13.72,Low,Millets
56.33,27.97,121.34,5.31,27.51,39.31,Medium,Oats
18.9,53.35,228.21,6.85,29.94,18.39,Low,Millets
53.54,56.96,139.29,7.3,19.37,16.82,High,Sugarcane
55.53,30.71,129.48,7.22,16.2,27.67,High,Wheat
112.14,38.74,35.31,6.13,17.62,36.91,High,Sugarcane
99.26,14.19,167.63,4.56,27.12,12.17,Medium,Oats
134.21,59.51,207.3,6.83,31.99,30.19,Low,Groundnut
76.11,17.74,101.3,5.51,15.9,14.17,Medium,Cotton
26.74,56.85,196.15,6.3,29.68,11.28,Low,Groundnut
109.85,40.73,241.47,8.33,21.83,11.85,Low,Millets
116.51,38.43,58.9,6.1,24.57,39.2,High,Sugarcane
88.58,33.2,135.6,7.86,33.58,14.13,Medium,Cotton
117.94,17.69,78.91,5.25,21.64,11.58,Medium,Pulses
79.13,14.71,200.29,7.19,24.31,25.33,High,Wheat
83.18,17.13,148.62,8.41,15.27,39.54,Medium,Cotton
69.86,15.25,162.3,4.91,16.63,19.18,High,Wheat
13.56,47.88,201.5,4.53,20.17,24.76,Low,Millets
25.1,24.26,105.03,6.23,15.56,11.4,Medium,Cotton
14.4,8.18,229.62,4.87,27.63,25.72,Low,Millets
99.1,58.3,137.93,7.49,23.53,30.22,Medium,Cotton
54.01,53.61,47.91,8.16,25.96,29.98,Medium,Pulses
81.2,56.03,177.02,6.24,18.49,21.63,High,Sugarcane
137.06,59.72,200.38,5.53,20.92,21.04,Low,Millets
44.9,14.56,86.02,6.24,28.28,13.73,High,Wheat
67.45,26.79,215.72,7.39,34.31,22.84,High,Sugarcane
115.78,46.7,227.47,4.54,16.01,13.48,Low,Groundnut
42.03,43.28,76.46,6.86,32.81,36.83,High,Rice
20.78,13.46,246.05,6.95,26.54,43.82,Low,Groundnut
50.57,49.87,43.77,7.05,26.28,43.95,High,Sugarcane
32.57,17.34,58.48,5.47,25.01,40.28,Low,Groundnut
140.16,17.31,54.21,7.36,16.39,31.03,Medium,Pulses
123.14,34.53,224.56,4.87,16.8,34.53,Low,Millets
98.68,37.61,167.03,5.3,27.02,19.98,High,Rice
132.0,36.9,46.51,8.01,21.82,32.08,Low,Millets
122.51,10.03,115.68,7.45,33.35,25.95,High,Maize
36.12,53.26,157.67,4.55,23.13,26.87,Low,Millets
134.96,19.61,30.03,5.49,17.87,36.52,Low,Groundnut
85.51,12.12,221.78,5.36,29.29,19.87,Medium,Cotton
123.04,53.88,202.86,5.58,20.87,21.13,Low,Groundnut
135.45,57.56,131.25,5.49,25.51,42.36,Low,Millets
54.52,52.42,242.11,4.75,28.96,11.97,Low,Groundnut
25.41,49.52,110.26,6.34,33.01,27.0,High,Sugarcane
41.91,41.04,246.19,7.43,30.84,41.95,Medium,Oats
69.8,35.3,170.3,6.93,28.53,31.36,High,Sugarcane
124.52,9.78,162.32,7.19,28.59,29.12,Medium,Oats
130.5,27.46,49.83,4.82,33.92,18.74,Medium,Barley
10.97,25.5,221.66,8.31,20.92,22.01,Low,Groundnut
81.5,19.29,112.6,7.85,15.02,39.82,Medium,Pulses
68.44,44.79,48.94,7.72,20.44,29.57,High,Maize
41.1,32.27,13.03,7.79,19.36,28.02,High,Wheat
26.78,9.46,144.34,8.23,28.24,13.49,Low,Millets
57.27,17.11,136.58,6.68,27.67,10.56,High,Rice
142.01,42.58,182.64,5.3,26.87,43.73,Low,Groundnut
55.25,9.19,223.66,6.97,15.32,23.19,Medium,Barley
82.63,51.82,29.06,7.47,29.58,31.11,Medium,Pulses
108.42,32.23,185.56,7.45,21.47,12.79,High,Wheat
60.91,31.43,54.98,6.59,28.3,33.91,High,Sugarcane
146.05,37.58,215.96,4.77,26.13,42.64,Low,Millets
144.74,50.36,206.58,5.98,21.85,30.15,Low,Groundnut
45.25,24.13,139.79,8.18,17.69,14.41,Medium,Cotton
79.61,42.29,180.46,6.84,16.89,30.36,High,Wheat
52.12,36.12,85.44,6.65,31.63,36.82,High,Rice
49.88,19.69,123.08,5.58,33.37,24.22,High,Sugarcane
15.16,53.32,207.19,5.97,28.0,40.79,Low,Groundnut
95.34,48.86,120.22,8.08,17.07,32.7,Medium,Oats
80.38,41.21,95.87,7.17,23.04,41.47,High,Rice
17.21,51.78,128.61,7.65,29.58,31.82,Low,Groundnut
49.01,52.7,208.78,6.32,30.6,14.6,Low,Millets
137.16,43.96,90.45,7.02,17.36,20.84,High,Sugarcane
43.54,51.04,51.7,5.49,15.0,17.06,Medium,Cotton
30.29,43.36,180.88,7.32,29.24,41.81,Medium,Oats
78.52,42.41,208.23,6.21,22.13,36.61,Medium,Pulses
147.99,39.02,34.15,6.27,20.09,33.67,Medium,Barley
43.89,46.4,67.57,7.1,15.26,20.53,High,Rice
104.1,13.72,44.07,8.25,25.81,16.44,High,Wheat
116.63,53.45,93.51,4.76,32.02,36.48,Low,Groundnut
43.27,52.95,118.08,7.8,34.15,26.6,Medium,Pulses
111.95,6.61,189.72,5.67,26.31,17.9,Medium,Cotton
61.49,50.42,166.28,6.28,25.29,31.58,Medium,Barley
98.52,12.09,159.02,4.59,16.7,11.41,Medium,Oats
98.69,23.43,94.57,5.7,25.98,21.42,High,Sugarcane
85.01,45.89,211.95,6.51,22.6,26.4,High,Wheat
22.64,13.84,123.11,4.72,27.14,15.18,Medium,Oats
126.94,49.99,244.99,6.46,22.77,44.46,Low,Groundnut
54.91,50.77,162.19,8.21,19.81,17.32,Medium,Barley
36.11,32.91,40.3,4.92,16.9,14.56,Low,Groundnut
15.71,5.35,172.28,7.56,21.3,17.12,Low,Millets
92.73,20.79,88.02,6.14,16.93,36.92,High,Wheat
104.86,38.93,174.72,7.12,18.54,24.89,High,Rice
12.32,58.97,26.71,5.54,34.75,29.79,Low,Millets
81.69,39.75,51.97,5.14,23.88,10.74,Medium,Barley
41.71,19.29,215.38,5.14,25.64,11.21,Low,Groundnut
100.32,39.87,64.52,4.78,32.47,25.6,High,Wheat
34.41,34.7,210.89,5.24,34.91,38.58,Low,Millets
106.73,47.89,77.03,7.16,26.65,40.98,High,Wheat
64.14,10.88,164.29,8.03,31.25,13.03,Medium,Barley
141.14,46.86,176.6,7.76,21.54,28.84,Medium,Cotton
29.25,34.77,133.04,7.24,21.11,41.96,Medium,Barley
57.75,57.96,83.27,4.94,23.05,23.58,Medium,Pulses
25.89,23.8,61.03,5.66,28.45,39.03,Low,Groundnut
139.46,39.79,17.97,5.74,28.64,14.68,Low,Groundnut
132.83,56.26,82.95,5.5,21.3,42.74,Low,Groundnut
46.11,10.64,166.76,6.56,17.66,36.3,High,Rice
102.4,56.55,235.19,6.64,27.65,42.95,Low,Millets
124.41,42.83,219.09,5.93,17.57,33.68,Low,Millets
87.73,8.73,193.86,5.92,26.57,22.72,Medium,Cotton
84.15,21.55,199.23,7.81,28.87,42.84,Medium,Oats
43.86,43.95,169.6,7.66,29.01,19.64,High,Sugarcane
23.03,8.7,72.47,5.73,30.07,21.63,Low,Millets
135.61,37.02,227.73,8.16,32.46,34.53,Low,Groundnut
136.06,24.02,170.98,8.31,25.0,36.79,Low,Groundnut
98.63,39.15,144.51,5.81,29.6,42.53,Medium,Pulses
57.46,7.52,36.64,5.92,27.38,17.17,Medium,Cotton
58.89,52.93,117.29,6.52,18.73,37.93,Medium,Cotton
111.63,58.54,120.49,8.26,15.51,35.85,Low,Groundnut
135.6,58.29,217.5,8.01,20.69,12.23,Low,Millets
134.19,46.23,141.2,4.91,23.86,23.55,Medium,Cotton
119.18,12.15,101.3,6.07,27.34,19.9,High,Rice
99.88,46.7,244.43,6.71,32.0,20.66,High,Maize
21.78,6.35,36.57,6.51,18.92,44.4,Low,Millets
32.63,6.22,111.41,5.28,17.51,32.5,Low,Groundnut
135.8,22.8,20.09,7.94,34.27,35.12,Low,Millets
94.9,31.88,187.58,7.21,17.16,44.18,High,Wheat
11.29,47.37,230.34,7.85,24.57,23.2,Low,Millets
24.21,42.58,77.21,7.94,26.71,38.06,Low,Groundnut
102.89,29.52,216.0,7.49,25.83,25.21,High,Maize
10.71,20.05,80.13,6.26,16.72,40.43,Medium,Pulses
32.51,59.84,228.58,6.94,16.14,16.32,Low,Millets
86.82,28.44,190.95,5.14,17.11,43.17,Medium,Pulses
106.87,29.83,203.18,7.19,26.71,17.66,High,Maize
101.27,14.0,14.32,5.22,25.89,21.42,High,Rice
41.4,48.71,241.07,7.28,19.67,36.47,Medium,Barley
109.71,43.15,184.4,5.42,27.76,23.78,High,Sugarcane
43.21,17.14,83.14,4.97,31.4,31.29,Medium,Barley
55.56,9.53,209.05,5.16,15.83,25.56,Low,Groundnut
114.51,42.43,77.57,4.51,24.96,35.98,Medium,Pulses
100.95,41.0,219.46,7.37,28.79,17.99,High,Rice
128.89,20.03,37.02,7.43,20.05,12.05,Medium,Pulses
102.07,57.3,178.88,6.56,21.16,20.5,High,Sugarcane
89.56,13.31,139.77,5.15,27.27,26.6,High,Wheat
23.11,28.78,33.17,4.83,32.96,15.88,Medium,Oats
61.48,56.9,68.05,4.58,31.2,22.42,Medium,Barley
47.13,28.09,12.98,5.16,26.66,24.0,High,Sugarcane
44.16,40.12,122.5,8.06,29.6,12.01,Medium,Oats
146.22,26.87,82.3,5.47,22.3,30.42,Low,Groundnut
65.03,20.08,153.61,5.92,27.82,40.95,Medium,Cotton
134.89,59.12,81.34,4.92,24.32,15.31,Low,Groundnut
98.36,27.51,81.98,5.39,18.8,30.92,Medium,Oats
121.27,54.18,188.37,6.58,29.03,33.27,Low,Groundnut
80.37,17.65,21.55,6.93,26.13,24.68,High,Wheat
90.77,16.72,226.69,5.48,22.17,34.54,Low,Millets
78.95,6.71,214.54,4.73,33.23,24.38,Low,Millets
37.33,40.84,170.27,6.06,15.42,27.66,High,Wheat
111.14,25.27,152.37,5.44,21.32,10.26,Medium,Oats
49.31,52.54,224.15,5.38,16.14,34.21,Low,Groundnut
13.4,31.03,54.48,8.34,30.33,33.15,Low,Millets
100.37,58.25,28.95,6.97,29.04,11.34,Medium,Barley
34.8,15.2,67.48,6.73,21.63,22.89,High,Wheat
141.66,52.77,200.7,6.16,28.51,44.27,Low,Millets
143.55,47.71,18.32,6.22,22.92,24.73,High,Sugarcane
138.08,47.4,149.87,6.66,30.13,27.57,High,Rice
61.82,51.46,248.91,7.29,24.08,41.85,Low,Groundnut
12.16,46.86,215.37,7.31,23.25,35.1,Low,Millets
139.96,39.44,135.15,5.19,33.69,30.37,Low,Millets
69.95,12.22,25.27,6.5,20.02,37.92,High,Wheat
145.33,6.79,209.53,6.15,17.41,40.25,Low,Millets
144.91,55.65,153.75,7.98,26.69,25.99,Low,Millets
129.42,38.92,37.58,7.03,34.39,26.63,High,Wheat
51.22,48.81,32.53,6.63,22.56,23.51,High,Rice
63.91,31.48,228.31,4.96,16.24,43.83,Low,Groundnut
129.16,11.45,170.61,6.92,21.79,34.4,Medium,Cotton
54.37,11.89,209.03,4.97,25.12,12.91,Low,Millets
33.73,42.71,220.95,5.85,18.24,40.2,Low,Groundnut
87.95,28.67,147.23,5.07,28.16,26.82,High,Maize
141.06,16.03,134.19,7.27,34.95,12.41,Medium,Oats
107.44,32.04,113.3,5.33,24.03,29.24,High,Rice
89.81,8.53,86.07,6.07,22.09,24.6,High,Sugarcane
23.6,37.01,114.3,8.08,23.01,40.72,Low,Groundnut
96.1,19.79,195.73,5.32,17.3,17.14,High,Rice
148.61,48.87,154.46,6.53,32.67,38.93,Medium,Oats
29.61,22.07,224.21,6.18,23.3,29.52,Medium,Pulses
82.57,30.04,116.41,4.57,22.75,11.91,Medium,Pulses
132.83,5.64,155.7,7.67,28.19,44.01,Low,Millets
113.71,8.98,161.51,4.78,23.84,27.94,Medium,Barley
107.58,26.59,152.01,6.4,27.96,20.18,High,Maize
108.35,31.4,178.63,6.74,16.23,26.43,High,Sugarcane
60.33,38.0,66.98,7.01,31.27,40.03,High,Rice
51.1,21.04,132.97,7.25,33.81,20.67,High,Rice
123.31,43.22,35.01,5.51,27.98,16.74,Medium,Pulses
123.42,52.31,102.28,4.54,34.09,14.52,Low,Groundnut
131.39,47.89,127.04,7.39,18.03,20.43,High,Rice
137.85,7.18,166.53,6.64,24.55,37.3,Low,Millets
81.59,31.43,238.13,7.84,27.04,26.51,Medium,Barley
80.21,10.77,154.16,7.79,26.63,17.96,High,Maize
121.76,18.31,188.46,7.87,23.03,15.82,Medium,Oats
100.99,59.27,131.5,6.44,21.76,21.65,High,Sugarcane
108.28,12.84,162.18,5.83,17.54,42.9,Medium,Barley
121.41,32.44,27.02,7.67,22.83,22.01,Medium,Oats
134.6,39.0,71.05,6.31,18.25,44.58,Medium,Barley
57.32,43.64,96.84,5.23,29.69,26.98,High,Wheat
62.58,35.78,123.4,7.92,19.18,16.27,High,Sugarcane
23.16,5.54,20.96,8.03,16.17,41.19,Low,Millets
90.96,22.96,43.61,6.37,26.05,26.11,High,Rice
15.03,33.47,76.44,4.8,26.9,34.84,Low,Millets
75.18,9.83,243.17,6.05,32.44,44.43,Low,Millets
85.97,24.28,89.52,7.71,26.54,11.76,Medium,Barley
50.12,6.83,125.69,8.11,21.91,13.38,Low,Groundnut
92.72,9.32,57.06,5.31,31.06,35.22,Low,Groundnut
14.27,26.83,156.59,4.77,25.81,19.86,Medium,Cotton
15.23,12.3,77.36,8.01,16.59,16.45,Medium,Barley
125.16,36.21,59.68,6.06,26.32,11.38,Medium,Barley
60.43,42.92,133.98,6.67,33.16,10.76,High,Maize
27.79,49.03,11.32,8.37,22.93,37.11,Low,Groundnut
83.11,16.01,11.84,4.77,20.93,14.71,Medium,Oats
117.8,14.21,62.58,7.09,17.87,26.37,High,Wheat
40.21,10.75,18.81,4.8,18.03,31.21,Medium,Barley
97.2,40.0,35.93,6.0,23.66,24.99,High,Sugarcane
21.95,43.86,91.33,7.72,26.91,10.95,Low,Millets
17.24,6.74,202.62,6.23,16.61,37.42,Low,Groundnut
84.39,56.49,147.29,8.49,33.79,10.37,Low,Millets
85.69,7.86,133.04,6.74,30.1,36.67,Medium,Cotton
99.24,34.77,80.44,5.78,26.73,41.27,Medium,Barley
111.65,44.0,233.62,5.38,31.57,25.15,Medium,Cotton
146.62,52.9,105.28,5.9,16.6,28.74,Low,Millets
82.28,44.27,30.9,5.99,24.54,26.69,High,Rice
55.21,49.1,158.1,4.77,27.6,23.62,High,Rice
121.33,23.67,37.32,5.98,31.57,41.06,Low,Groundnut
47.92,49.82,92.85,6.36,30.67,41.29,High,Maize
71.46,9.41,131.78,7.39,20.54,21.75,High,Sugarcane
20.98,54.21,219.81,7.13,33.82,31.53,Low,Millets
13.55,35.12,128.45,7.34,17.49,42.44,Medium,Barley
144.77,49.95,178.54,4.53,32.5,43.67,Low,Millets
127.04,29.88,248.28,5.37,34.42,27.81,Low,Millets
107.44,40.4,41.56,7.15,18.54,25.85,High,Wheat
67.25,33.95,75.94,6.44,29.44,19.75,High,Sugarcane
34.26,45.24,104.7,4.52,15.81,43.56,Low,Millets
31.9,9.49,111.24,7.72,23.11,15.0,Low,Groundnut
45.03,8.32,108.65,7.59,25.33,30.29,Low,Millets
86.89,18.59,227.83,6.69,26.61,19.89,High,Maize
110.04,13.77,181.37,4.77,33.72,19.77,High,Sugarcane
102.43,52.95,155.9,7.57,28.45,24.17,Medium,Cotton
49.19,17.06,84.25,6.83,24.63,44.96,High,Maize
143.68,58.67,207.71,7.63,31.19,11.92,Low,Groundnut
113.31,23.53,239.21,7.51,34.01,30.25,Low,Millets
87.61,15.02,207.09,7.71,15.44,12.89,Low,Millets
95.64,48.43,10.38,6.57,34.65,15.41,High,Wheat
68.74,41.23,162.74,5.06,16.72,25.38,High,Maize
44.68,32.4,22.27,7.18,31.29,27.87,High,Maize
59.84,35.54,71.83,6.98,20.61,19.06,High,Rice
116.1,44.56,24.29,7.47,17.64,21.08,High,Rice
12.02,17.57,154.91,5.18,23.8,13.04,Low,Millets
26.25,59.8,174.78,5.28,27.88,20.61,Low,Millets
16.44,58.61,37.48,8.06,22.62,43.83,Low,Millets
15.7,40.77,102.12,7.5,16.09,43.06,Medium,Pulses
129.76,15.97,119.5,8.13,26.99,21.72,Medium,Cotton
108.51,42.41,98.57,7.53,33.05,29.98,High,Sugarcane
76.38,8.97,39.05,6.89,22.66,41.84,Medium,Barley
23.7,6.69,110.55,7.12,19.33,10.22,Low,Millets
78.83,19.17,190.28,8.06,23.85,38.37,Medium,Cotton
76.29,30.44,27.04,6.82,15.97,43.19,High,Maize
34.25,52.75,29.24,7.03,31.41,13.2,Low,Groundnut
70.74,44.99,95.15,5.13,31.53,15.65,High,Wheat
65.79,45.85,236.01,6.4,26.76,43.63,Medium,Pulses
96.22,28.4,170.46,7.37,22.06,28.81,High,Rice
98.91,24.03,172.88,5.58,31.0,10.5,Medium,Barley
16.34,25.41,96.86,5.31,26.09,19.02,Medium,Barley
62.45,59.32,152.48,5.76,31.52,25.75,Medium,Pulses
97.62,7.21,12.43,5.47,27.63,34.25,Low,Groundnut
80.44,52.69,162.66,5.36,30.69,35.66,Low,Groundnut
129.91,36.83,229.19,6.2,26.97,44.84,Low,Groundnut
102.22,29.12,157.02,8.13,23.28,20.06,High,Rice
32.81,44.89,219.69,6.53,34.16,28.84,Medium,Pulses
19.88,31.77,183.75,5.25,25.82,28.67,Medium,Pulses
99.94,53.04,38.93,4.81,27.1,24.2,Medium,Barley
13.71,54.54,226.59,7.28,19.41,15.92,Low,Groundnut
92.01,28.19,25.95,6.03,27.51,44.21,High,Wheat
141.63,20.23,138.15,7.79,26.43,39.87,Low,Groundnut
90.57,37.58,44.11,7.14,18.7,27.44,High,Rice
64.34,55.18,12.81,7.68,16.19,31.11,Low,Groundnut
100.06,16.59,111.29,5.59,27.09,17.95,High,Sugarcane
74.16,39.26,80.81,7.27,30.27,29.03,High,Wheat
86.39,39.74,126.64,5.56,25.47,34.32,Medium,Barley
141.81,45.32,148.53,8.26,19.54,28.03,Medium,Barley
64.05,12.24,20.5,7.05,28.33,44.66,High,Wheat
144.57,44.37,39.52,5.8,16.6,31.4,Low,Groundnut
136.75,55.0,144.07,5.58,23.84,22.98,Low,Groundnut
37.41,14.88,92.36,5.26,18.27,37.03,Low,Millets
19.71,18.06,185.0,7.28,18.69,15.97,High,Wheat
24.11,58.43,166.55,5.37,19.05,23.46,Low,Millets
12.55,14.95,212.95,6.88,22.73,22.14,Medium,Oats
23.22,51.99,176.2,5.56,16.02,25.11,Low,Millets
105.62,32.08,113.18,7.15,22.96,37.36,High,Maize
19.97,18.6,171.51,7.76,25.23,26.95,Medium,Oats
54.66,52.89,76.09,7.61,24.67,37.79,Low,Groundnut
128.28,29.49,83.52,7.54,22.66,30.18,Low,Millets
13.26,33.31,199.36,5.25,31.78,21.97,Medium,Pulses
124.03,24.76,117.14,4.85,17.91,38.35,Low,Groundnut
49.46,37.61,201.61,7.3,25.11,18.34,High,Wheat
26.54,13.99,207.38,5.97,16.24,17.85,Low,Groundnut
107.54,26.51,215.81,6.23,16.42,27.66,High,Sugarcane
98.05,58.32,229.99,4.62,26.48,19.13,Low,Groundnut
132.85,19.2,113.44,5.54,26.32,10.32,Low,Groundnut
112.91,41.12,86.53,4.63,32.56,32.69,Medium,Oats
122.49,22.89,149.73,8.02,26.16,27.89,Medium,Cotton
49.48,47.54,99.08,5.47,34.2,25.59,High,Rice
34.84,12.2,154.26,6.73,15.97,43.84,Medium,Cotton
115.09,58.34,179.34,4.66,16.96,29.99,Medium,Cotton
122.96,29.96,175.22,7.17,15.88,40.22,Medium,Oats
148.67,17.98,99.89,5.79,18.71,14.88,Low,Millets
67.77,9.04,50.05,8.09,25.83,29.92,Medium,Cotton
62.08,14.34,113.33,8.05,27.91,40.38,Medium,Barley
118.7,33.59,44.22,5.8,15.91,30.41,Medium,Oats
57.71,23.54,223.62,8.1,33.92,35.13,Low,Millets
140.31,50.59,93.01,8.48,31.84,23.02,Low,Groundnut
130.18,28.7,47.07,7.8,20.93,13.24,Low,Millets
70.06,18.68,16.11,7.88,16.54,26.03,High,Sugarcane
115.12,38.94,165.0,5.5,18.4,23.81,High,Rice
115.64,43.87,162.86,6.81,17.54,40.35,High,Maize
24.44,14.19,91.74,4.77,17.47,18.54,Medium,Pulses
136.36,14.22,27.21,4.88,25.37,43.84,Low,Millets
80.74,7.02,108.31,8.5,19.92,43.53,Low,Millets
125.7,45.5,84.69,5.81,22.16,18.67,Medium,Barley
54.81,41.51,172.51,7.49,34.79,22.18,High,Rice
135.37,31.1,155.39,7.73,28.69,41.34,Low,Millets
64.49,51.43,97.5,7.93,33.98,43.83,Low,Groundnut
11.52,49.31,62.29,8.49,17.85,25.52,Medium,Oats
136.75,37.19,247.13,5.47,22.64,21.23,Low,Groundnut
22.78,52.75,118.96,4.66,26.09,28.41,Low,Groundnut
54.7,16.32,175.19,6.14,16.54,34.07,High,Rice
143.01,11.16,43.73,5.02,15.08,19.57,Medium,Cotton
143.09,19.84,126.54,4.59,28.41,35.78,Low,Millets
90.28,8.14,16.61,5.94,27.84,11.81,Low,Groundnut
98.46,34.21,131.31,7.63,23.22,11.73,Medium,Barley
72.78,56.51,241.36,6.76,24.79,23.52,Medium,Pulses
51.05,7.16,102.21,5.75,23.31,22.37,Medium,Oats
56.01,11.72,19.36,7.12,15.48,21.05,High,Maize
104.15,29.87,17.43,5.43,21.71,27.19,High,Maize
115.33,56.36,103.12,4.56,18.54,21.23,Medium,Pulses
120.82,22.39,48.41,7.56,16.97,16.73,Medium,Pulses
120.55,32.9,15.6,6.99,34.13,20.83,High,Sugarcane
22.77,7.29,191.49,7.55,26.99,44.12,Low,Millets
79.22,13.16,120.05,4.66,29.57,24.39,High,Rice
18.06,59.26,79.42,7.85,21.31,25.56,Low,Groundnut
86.93,58.08,226.02,6.98,22.86,30.18,Low,Groundnut
71.81,5.27,37.87,6.75,19.74,44.42,Medium,Pulses
134.28,57.35,239.42,7.0,16.94,18.46,Low,Groundnut
59.13,40.15,85.35,7.96,18.58,33.84,Medium,Cotton
26.39,52.74,223.22,6.85,30.95,35.06,Low,Groundnut
30.02,30.01,154.71,6.82,28.55,31.26,Medium,Pulses
116.61,33.36,208.41,8.46,25.94,13.1,Low,Groundnut
96.55,31.89,246.16,7.53,24.5,33.69,Low,Millets
24.16,41.68,79.22,6.27,33.45,12.24,Medium,Barley
21.77,12.68,240.67,7.33,16.45,30.86,Low,Millets
108.14,6.65,103.48,6.06,20.61,35.89,Medium,Barley
20.19,21.94,102.52,5.42,22.0,17.38,Medium,Cotton
125.06,43.76,91.69,6.89,30.65,39.46,Medium,Cotton
108.87,16.1,139.94,8.21,34.85,11.06,Medium,Oats
21.39,42.04,46.99,8.22,19.81,39.53,Low,Groundnut
21.88,58.35,142.89,5.87,32.49,26.11,Low,Groundnut
148.13,10.16,140.01,6.61,31.61,17.62,High,Maize
62.4,41.99,192.86,5.35,19.49,14.68,Medium,Cotton
61.89,29.41,210.08,8.48,22.99,43.37,Low,Groundnut
123.79,52.75,115.71,8.42,23.19,12.54,Low,Groundnut
142.61,14.74,82.56,7.1,34.56,16.97,High,Sugarcane
148.04,43.09,72.24,7.72,18.62,22.17,Medium,Cotton
115.47,51.1,56.71,7.36,30.98,31.71,Medium,Cotton
62.68,56.95,23.84,6.87,21.68,29.07,High,Maize
21.69,42.58,92.19,4.71,29.62,14.4,Low,Millets
118.8,32.34,74.86,6.32,23.4,20.14,High,Rice
88.18,38.98,241.94,7.2,26.57,18.36,High,Sugarcane
69.39,52.79,143.85,7.21,31.65,17.47,High,Maize
136.89,36.38,93.35,5.99,31.08,24.39,Medium,Oats
25.57,6.67,149.31,8.27,32.33,34.64,Low,Millets
78.97,56.2,43.41,5.17,16.19,17.61,Medium,Oats
11.59,42.92,116.57,6.5,28.84,22.83,High,Sugarcane
75.61,42.21,160.3,7.26,17.8,23.68,High,Wheat
17.88,16.86,127.34,7.29,23.32,44.18,Medium,Barley
26.63,41.24,106.43,7.09,25.97,43.41,Medium,Cotton
26.45,26.66,248.52,5.6,23.05,38.0,Low,Millets
100.89,40.82,221.28,5.12,25.39,18.46,Medium,Cotton
114.45,10.86,159.62,7.04,34.93,12.38,High,Rice
91.67,41.18,146.65,6.9,17.7,21.09,High,Wheat
144.7,59.97,158.96,5.22,28.51,19.34,Low,Millets
62.48,7.65,58.31,7.32,22.92,27.71,High,Maize
50.0,58.74,104.83,6.32,17.66,37.22,Medium,Pulses
131.6,27.38,19.47,7.17,18.17,40.04,Medium,Barley
41.3,52.89,124.13,7.85,33.99,39.57,Low,Groundnut
144.85,48.03,140.33,5.18,32.59,22.59,Medium,Cotton
11.7,36.19,64.66,4.58,33.14,34.05,Low,Millets
145.78,45.61,241.37,7.62,34.83,20.95,Low,Millets
16.04,53.32,228.27,6.94,19.17,12.13,Low,Millets
134.76,27.23,183.31,7.3,22.11,34.55,Medium,Barley
83.88,22.99,138.01,7.85,28.38,10.34,Medium,Cotton
149.02,41.72,218.79,7.71,24.68,24.32,Low,Millets
20.33,49.43,41.36,8.34,23.37,21.53,Medium,Pulses
87.54,46.93,199.72,6.64,22.16,34.27,High,Maize
145.7,48.88,39.96,6.45,26.88,36.82,Medium,Pulses
83.23,28.96,200.61,6.11,26.51,20.64,High,Wheat
98.12,49.98,76.18,5.11,18.23,38.41,Medium,Cotton
107.4,11.61,220.5,6.79,24.43,20.29,High,Maize
73.64,34.95,236.57,5.61,26.07,25.62,Medium,Barley
97.86,5.32,45.71,8.19,26.41,35.45,Low,Groundnut
91.8,22.85,121.04,6.83,19.2,34.25,High,Maize
136.16,25.16,245.44,6.87,29.85,44.56,Low,Millets
16.36,26.79,126.02,5.92,15.5,17.88,Medium,Cotton
49.33,43.25,217.25,4.71,22.1,33.18,Low,Groundnut
143.06,26.37,151.3,4.63,30.6,31.34,Low,Groundnut
134.64,29.68,100.08,6.19,26.28,42.03,Medium,Barley
73.79,18.06,78.59,4.84,20.22,15.47,High,Rice
96.82,25.53,58.77,6.93,28.9,36.31,High,Maize
48.83,17.5,192.83,8.02,26.35,29.89,High,Rice
36.34,9.03,102.77,8.03,30.92,19.61,Low,Millets
74.92,38.19,132.71,7.14,29.7,26.61,High,Wheat
59.47,41.75,128.16,5.34,27.2,21.68,High,Maize
91.71,39.07,148.55,7.95,24.76,30.28,Medium,Oats
20.88,30.49,217.74,8.04,17.66,41.12,Low,Groundnut
146.42,25.89,245.38,5.29,20.23,29.93,Low,Millets
148.07,52.48,107.82,7.45,23.38,32.11,Low,Groundnut
107.74,33.55,208.6,5.65,26.99,28.16,Medium,Barley
85.05,31.36,193.49,7.71,25.27,11.79,Medium,Pulses
53.33,6.41,147.65,8.49,20.76,18.15,Medium,Cotton
123.93,23.77,239.45,4.62,15.13,27.22,Low,Millets
105.86,25.91,58.11,8.09,24.92,20.86,High,Wheat
32.77,26.94,36.22,6.99,20.71,16.36,High,Wheat
137.53,36.91,214.95,8.39,29.69,27.64,Low,Millets
125.16,34.35,115.4,6.36,15.48,21.3,High,Wheat
142.97,38.43,213.27,7.89,26.7,19.03,Low,Groundnut
111.6,47.07,224.34,4.75,33.83,26.24,Medium,Pulses
95.88,49.71,24.99,5.84,18.49,14.66,Medium,Oats
68.55,44.5,222.03,4.77,24.43,42.47,Low,Millets
140.58,57.55,117.6,8.4,16.83,40.37,Low,Groundnut
131.25,6.0,132.5,7.77,27.51,34.77,Low,Millets
16.33,15.77,160.38,7.91,26.01,13.72,Low,Millets
13.69,5.42,232.33,8.25,23.15,37.16,Low,Groundnut
62.7,40.61,14.59,4.84,25.43,38.28,Medium,Cotton
123.48,54.39,124.44,6.04,32.93,36.87,Low,Millets
148.22,18.39,175.05,4.78,18.93,13.99,Low,Millets
31.06,55.99,183.45,5.34,15.45,32.54,Low,Millets
93.18,8.31,176.21,5.42,32.23,39.2,Low,Millets
63.32,56.39,42.26,6.38,26.54,30.21,Medium,Pulses
145.79,24.34,81.85,5.57,32.81,32.62,Low,Groundnut
127.9,10.58,96.09,4.9,26.94,26.04,Medium,Pulses
127.37,31.72,203.06,5.17,31.2,28.5,Low,Millets
75.62,19.12,76.9,5.09,23.59,11.2,Medium,Oats
68.07,20.67,60.57,8.39,30.0,32.36,Medium,Pulses
48.28,21.9,239.79,7.54,33.26,12.85,Low,Millets
17.89,49.17,12.13,8.37,26.44,25.23,Medium,Barley
131.06,34.65,249.48,6.26,18.62,20.24,Medium,Barley
123.81,22.12,172.44,5.61,20.38,29.09,Medium,Barley
149.96,38.57,208.83,7.69,18.97,14.67,Low,Millets
149.53,44.39,80.71,5.81,19.94,34.21,Low,Millets
87.76,19.99,13.44,5.7,21.13,37.83,Medium,Pulses
117.66,27.75,187.09,5.43,26.1,15.72,High,Maize
142.27,11.7,210.19,5.02,26.76,13.65,Low,Millets
128.95,14.96,187.71,5.53,23.53,15.09,Medium,Pulses
44.63,42.46,44.28,5.92,27.31,40.7,Medium,Barley
73.08,14.98,190.82,7.2,16.63,28.49,High,Rice
28.08,33.88,194.54,4.75,16.76,26.35,Medium,Oats
143.57,44.0,168.05,5.34,18.44,13.73,Low,Groundnut
94.86,10.88,193.87,7.74,25.36,32.73,Medium,Cotton
42.01,36.2,213.02,5.09,19.28,40.38,Low,Groundnut
104.04,19.11,157.26,5.87,20.67,38.99,Medium,Barley
96.54,57.96,31.27,7.96,23.01,31.91,Low,Millets
60.14,31.6,127.03,5.12,31.24,12.63,Medium,Oats
25.9,49.33,28.64,4.83,15.28,13.93,Low,Groundnut
104.02,35.26,107.81,6.44,27.99,11.73,High,Wheat
82.84,7.39,107.71,5.71,28.38,19.01,Medium,Cotton
118.12,39.82,25.84,6.75,30.97,14.75,High,Maize
82.82,57.33,93.72,7.72,33.66,19.1,Medium,Cotton
129.31,38.09,36.64,5.05,15.4,23.48,Medium,Barley
87.27,50.06,203.98,6.82,18.08,43.0,Low,Millets
88.53,53.63,237.45,6.52,32.72,31.36,Low,Groundnut
132.73,17.54,27.36,5.08,24.17,39.22,Low,Millets
66.49,16.66,239.23,7.0,26.29,34.86,Medium,Pulses
28.76,38.6,135.42,5.59,28.26,13.94,Low,Millets
14.03,27.61,81.9,6.45,28.58,35.76,Medium,Barley
115.72,51.19,28.45,4.83,33.63,19.63,Medium,Barley
96.84,54.5,130.15,6.34,34.94,32.37,Medium,Oats
108.57,24.44,200.68,5.73,29.4,21.93,Medium,Barley
39.81,18.03,179.7,7.79,20.74,44.92,Low,Groundnut
29.09,47.93,22.05,4.73,32.6,19.22,Medium,Barley
12.04,20.11,27.5,6.17,15.98,19.77,High,Rice
59.08,50.24,106.69,6.33,19.62,42.57,Medium,Cotton
92.59,28.31,80.87,7.4,32.95,10.86,High,Wheat
64.91,41.72,65.77,6.8,20.12,34.38,High,Wheat
71.25,10.25,77.44,7.17,19.41,35.39,High,Rice
136.58,39.31,202.84,7.61,17.76,39.27,Low,Groundnut
58.76,29.85,233.01,7.95,32.18,44.11,Low,Millets
81.96,37.26,107.22,5.76,25.0,44.15,Medium,Barley
119.71,14.24,227.47,6.65,28.5,12.28,Medium,Oats
65.52,45.53,87.16,7.86,19.78,38.76,Medium,Barley
97.09,52.45,124.34,8.46,30.16,32.62,Low,Groundnut
130.73,16.92,64.25,8.06,30.2,32.66,Low,Millets
142.93,10.26,163.71,5.99,21.25,14.49,Low,Millets
30.59,6.3,244.96,5.28,23.21,32.76,Low,Millets
139.72,40.31,154.84,6.46,19.19,44.39,Medium,Cotton
78.9,38.39,95.88,7.47,34.53,41.91,High,Rice
46.15,35.07,165.48,6.47,27.91,25.37,High,Rice
74.28,17.76,39.5,6.43,33.69,11.4,High,Wheat
147.2,26.5,223.28,7.85,21.07,22.68,Low,Millets
78.97,37.7,130.74,5.95,30.64,38.92,Medium,Cotton
56.03,32.32,117.84,7.94,30.32,34.55,Medium,Oats
98.68,59.33,150.61,6.13,28.83,26.08,High,Rice
43.62,12.5,159.95,5.81,34.31,11.93,Medium,Pulses
20.62,43.23,27.23,6.32,22.87,24.94,High,Sugarcane
28.04,27.24,173.83,7.55,17.61,26.42,Medium,Barley
27.93,28.55,68.06,5.0,28.43,42.5,Low,Millets
31.27,44.47,181.35,5.29,29.59,32.44,Low,Groundnut
29.44,43.08,207.41,8.31,26.5,20.91,Low,Millets
99.72,59.52,202.95,5.2,19.14,28.39,Low,Millets
35.46,12.06,142.6,6.77,25.09,12.31,Medium,Pulses
58.39,10.73,134.84,6.82,21.24,44.04,High,Maize
135.55,44.84,44.29,6.46,23.55,22.6,High,Sugarcane
76.35,36.81,196.08,7.08,27.9,26.73,High,Sugarcane
103.46,20.08,75.14,5.42,29.9,22.43,High,Maize
34.12,9.37,129.21,6.71,19.64,33.89,Low,Groundnut
36.92,9.71,78.23,5.99,23.11,33.18,Low,Groundnut
15.72,54.18,42.12,7.15,20.38,35.04,Low,Millets
33.65,15.55,161.09,5.06,18.97,19.39,Medium,Oats
49.0,22.79,23.04,6.78,30.67,21.05,High,Sugarcane
34.78,17.47,189.67,5.24,33.19,14.38,Low,Millets
22.42,24.52,86.22,5.61,22.4,32.94,Low,Millets
26.89,8.82,10.03,5.37,30.03,11.39,Low,Groundnut
74.51,33.55,132.67,5.23,32.94,30.92,Medium,Pulses
38.89,8.72,21.24,7.8,31.92,40.44,Low,Groundnut
61.0,49.02,76.28,5.64,18.66,41.18,Medium,Cotton
80.48,17.85,179.67,8.21,34.13,25.72,High,Wheat
106.66,34.7,25.05,8.38,22.53,26.08,High,Wheat
15.5,53.4,211.44,6.79,21.78,12.69,Low,Groundnut
121.92,40.8,10.92,5.07,16.25,33.48,Low,Groundnut
97.91,34.31,69.24,6.0,24.72,38.74,High,Rice
21.45,22.84,187.82,7.69,17.18,18.56,Medium,Barley
132.3,23.32,85.9,5.97,19.97,24.75,Medium,Cotton
138.92,41.82,34.45,4.85,21.34,39.36,Low,Groundnut
18.55,59.68,96.46,6.73,31.18,40.7,Low,Millets
48.76,41.4,74.89,7.88,32.51,18.51,High,Wheat
122.87,35.68,212.25,7.68,21.05,29.27,Low,Millets
114.76,45.19,85.2,5.2,32.17,16.74,High,Wheat
35.83,30.59,199.34,7.19,32.14,13.57,Medium,Oats
39.31,8.31,224.05,5.38,30.29,41.89,Low,Millets
61.87,35.93,114.12,5.37,17.93,38.72,Medium,Cotton
77.83,57.67,228.39,8.0,28.81,36.6,Low,Groundnut
96.56,14.64,100.56,5.5,33.9,11.71,Medium,Barley
61.65,42.95,241.38,5.55,28.65,39.53,Low,Groundnut
74.75,16.05,31.43,4.5,21.63,25.33,High,Rice
114.65,34.47,174.88,7.98,25.01,21.98,High,Sugarcane
15.14,10.32,128.52,7.67,27.91,29.13,Medium,Pulses
45.34,29.77,103.04,7.01,25.21,13.2,High,Sugarcane
109.87,46.59,161.85,7.5,17.4,36.48,High,Wheat
135.33,24.12,178.93,5.11,21.24,30.39,Low,Millets
81.63,41.57,11.05,6.33,31.05,16.53,High,Wheat
84.5,48.75,50.07,5.9,32.23,16.59,High,Wheat
25.0,55.99,181.13,4.88,17.75,16.45,Low,Millets
72.64,17.91,169.93,6.44,34.05,12.0,High,Sugarcane
84.57,26.96,241.85,8.18,21.58,30.57,Low,Millets
43.95,13.38,192.65,4.66,28.25,39.41,Medium,Oats
47.69,59.59,238.19,5.67,30.04,10.61,Low,Millets
62.82,55.99,178.61,5.33,31.24,11.72,Low,Groundnut
12.81,34.7,81.53,5.45,33.91,30.05,Low,Millets
55.09,51.31,35.29,8.13,21.26,38.68,Low,Millets
39.6,33.65,197.64,6.37,32.17,21.44,High,Sugarcane
55.85,39.3,164.6,6.37,17.63,22.24,High,Sugarcane
26.77,9.9,21.56,7.54,29.1,30.87,Low,Millets
134.67,46.54,96.41,5.12,29.84,19.6,Medium,Pulses
93.1,12.02,239.63,6.45,28.55,10.93,Medium,Barley
105.07,50.43,130.1,6.22,20.05,35.73,Medium,Oats
120.48,48.01,113.85,6.89,32.46,31.9,Medium,Barley
79.78,43.98,119.85,8.5,18.38,30.33,Medium,Oats
22.17,6.99,60.13,7.58,16.07,35.96,Low,Millets
85.19,21.67,98.49,6.09,29.35,33.63,High,Maize
92.16,19.47,98.76,7.81,24.51,17.21,High,Sugarcane
114.36,24.81,22.57,5.18,31.98,22.34,High,Wheat
70.43,9.82,194.22,4.62,22.67,14.41,Low,Groundnut
27.86,56.53,109.96,5.32,18.37,14.54,Low,Groundnut
49.73,35.46,207.32,5.86,31.73,33.67,Low,Groundnut
60.83,21.8,214.08,6.54,25.98,40.05,Medium,Cotton
100.43,26.83,60.88,6.96,18.78,43.7,High,Sugarcane
89.91,29.6,167.76,8.14,29.41,31.99,Medium,Pulses
59.85,38.03,123.35,6.54,25.22,16.44,High,Rice
148.11,33.36,221.24,6.51,27.09,13.7,Low,Groundnut
94.81,55.57,61.78,4.7,24.22,38.45,Low,Groundnut
43.21,32.33,172.68,4.64,31.57,30.26,Medium,Oats
24.25,59.57,155.86,6.7,31.59,31.64,Low,Millets
31.4,51.83,80.87,6.25,29.19,37.35,Low,Millets
44.43,16.47,42.78,7.86,17.11,34.61,Medium,Oats
32.5,56.18,166.39,5.14,31.78,39.21,Low,Groundnut
36.12,11.4,187.26,4.6,28.42,11.97,Low,Groundnut
49.91,49.96,85.75,6.3,28.94,36.16,High,Maize
34.27,25.93,164.76,5.45,22.26,39.78,Low,Groundnut
135.55,53.29,104.83,4.7,32.59,20.01,Low,Millets
21.23,52.74,181.17,7.4,29.51,32.42,Low,Groundnut
83.43,49.33,57.81,4.95,17.25,21.0,High,Wheat
67.46,48.45,223.65,6.93,23.16,43.53,Medium,Oats
147.53,21.76,78.98,5.62,32.73,11.17,Low,Millets
25.69,9.45,98.27,5.19,15.94,30.29,Low,Groundnut
65.7,27.16,23.94,6.02,34.23,15.83,High,Rice
145.73,14.54,36.76,7.71,28.58,34.93,Low,Groundnut
131.17,43.22,133.81,6.07,27.63,16.16,High,Sugarcane
124.39,24.04,74.22,7.5,20.41,18.24,High,Maize
46.11,58.66,210.52,5.0,19.98,27.3,Low,Groundnut
33.92,40.25,13.53,7.59,33.84,42.02,Low,Millets
103.61,50.24,100.98,5.45,20.97,17.41,Medium,Barley
140.11,12.29,90.96,7.21,30.51,15.05,High,Maize
87.95,52.41,14.64,6.76,22.86,36.56,Medium,Oats
90.03,55.75,39.85,8.22,17.79,27.52,Medium,Cotton
49.2,31.79,109.27,6.05,15.21,41.91,High,Wheat
117.73,38.34,128.29,4.76,25.89,15.13,High,Maize
36.19,47.06,107.03,4.58,34.52,32.61,Low,Millets
55.32,14.62,137.43,7.81,22.38,18.15,High,Maize
69.56,32.64,152.83,6.6,22.14,15.49,High,Wheat
81.07,26.93,12.38,7.6,21.88,33.92,Medium,Cotton
43.94,13.05,121.38,5.44,25.41,30.78,Medium,Pulses
26.08,25.21,241.24,5.88,23.81,36.42,Low,Groundnut
95.49,8.75,134.57,4.62,32.6,20.83,Medium,Oats
50.41,6.42,172.61,8.35,25.11,25.68,Medium,Cotton
91.37,12.43,84.85,7.17,25.16,24.19,High,Wheat
31.61,57.97,195.76,8.23,17.77,44.44,Low,Millets
77.36,35.22,195.5,5.56,34.65,20.23,High,Rice
84.56,58.12,135.11,6.95,20.0,20.32,High,Wheat
17.26,28.79,244.24,7.21,16.47,22.41,Medium,Cotton
57.12,22.15,40.13,5.77,28.26,29.76,High,Maize
28.82,32.84,14.07,7.89,26.91,18.83,Medium,Pulses
18.87,29.17,194.84,8.29,23.3,42.04,Low,Groundnut
148.59,10.81,203.72,8.04,23.44,19.3,Low,Millets
55.13,40.25,38.85,7.46,30.7,41.35,High,Maize
123.38,16.88,73.74,5.61,18.91,13.62,Low,Groundnut
45.65,39.08,14.21,5.63,31.41,32.98,Medium,Barley
105.41,40.76,80.39,8.35,27.97,41.74,Medium,Cotton
116.43,13.36,195.55,4.54,23.38,15.91,High,Rice
93.39,8.37,134.31,7.36,24.16,43.89,Medium,Barley
76.02,47.94,93.54,7.32,20.13,25.85,High,Sugarcane
67.66,30.29,99.22,6.99,30.04,43.1,High,Wheat
58.84,8.2,10.32,8.46,25.26,33.69,Low,Groundnut
140.13,59.72,81.95,5.75,21.42,20.56,Low,Millets
126.29,8.18,165.15,5.86,26.92,16.59,Low,Millets
145.1,43.23,243.81,4.82,34.91,20.63,Low,Groundnut
27.4,59.1,213.29,6.27,23.71,13.26,Low,Millets
112.32,18.15,15.66,5.54,33.41,15.04,High,Rice
141.37,12.82,225.65,5.87,21.9,13.66,Low,Millets
35.37,11.68,197.97,7.84,16.09,24.8,Medium,Cotton
19.31,21.68,197.29,8.24,19.08,37.85,Low,Millets
113.76,10.56,119.92,5.24,23.37,14.95,Medium,Pulses
90.43,43.07,105.52,5.99,19.39,14.56,Medium,Barley
127.86,8.43,82.7,8.21,15.0,32.52,Low,Groundnut
29.57,33.02,25.77,4.75,33.3,16.9,Medium,Barley
121.34,59.82,64.78,4.87,31.88,13.42,Low,Groundnut
38.23,49.77,69.18,5.15,29.85,15.84,Medium,Cotton
32.91,38.84,126.18,6.88,18.36,42.33,Medium,Oats
33.0,21.84,189.39,5.1,17.41,38.75,Low,Millets
124.04,39.31,123.71,8.37,16.35,22.39,Medium,Barley
103.13,33.99,23.88,6.29,29.48,32.95,High,Rice
83.23,28.43,239.87,6.51,33.58,28.8,High,Sugarcane
60.24,12.19,236.25,5.49,23.61,33.7,Low,Groundnut
132.81,53.76,198.45,6.38,17.38,33.89,Low,Millets
64.94,29.74,247.92,7.15,25.25,32.01,Medium,Cotton
124.32,15.7,140.68,7.5,21.98,19.31,High,Maize
71.48,25.23,241.06,7.52,22.5,11.37,Low,Millets
62.77,27.78,28.15,6.81,27.43,25.94,High,Rice
74.78,50.51,97.76,8.12,29.37,41.18,Low,Groundnut
52.19,45.35,64.09,7.77,17.21,29.93,High,Rice
114.67,47.31,57.0,7.53,15.71,39.13,Medium,Cotton
80.38,5.61,43.79,4.72,34.89,44.71,Low,Millets
42.51,27.89,159.38,4.53,19.65,15.73,High,Sugarcane
135.94,31.47,197.52,5.35,16.08,34.21,Low,Millets
63.74,6.06,148.79,7.15,18.8,33.6,Medium,Pulses
86.1,19.29,45.27,6.14,15.78,44.3,High,Maize
136.91,46.82,204.67,6.11,22.84,44.5,Low,Groundnut
97.39,12.54,162.63,8.04,31.05,34.03,Medium,Pulses
26.37,34.44,103.16,8.08,21.82,18.53,Medium,Oats
141.58,16.84,171.79,8.14,23.88,37.95,Low,Groundnut
97.88,5.67,72.38,5.76,28.51,13.75,Low,Millets
56.89,18.27,92.85,7.26,25.18,37.32,High,Sugarcane
29.5,58.67,230.2,5.59,32.23,41.86,Low,Groundnut
121.16,49.08,79.72,5.26,32.32,23.4,Medium,Cotton
96.81,57.78,122.8,5.24,15.2,32.07,Low,Groundnut
84.68,31.83,223.63,5.87,30.56,25.05,Medium,Barley
135.14,11.04,179.85,6.22,24.21,25.32,High,Wheat
120.4,35.14,24.93,7.82,34.78,20.86,Medium,Pulses
31.23,29.99,45.35,4.98,24.66,36.67,Low,Groundnut
53.64,51.44,11.88,7.44,34.74,42.77,Medium,Oats
44.79,10.39,161.42,6.63,30.09,42.93,High,Maize
114.15,31.85,117.44,5.65,19.97,16.12,High,Maize
14.69,13.25,42.23,6.47,25.77,40.62,Medium,Pulses
89.78,22.86,239.9,5.7,34.84,35.81,Low,Groundnut
116.74,45.55,137.12,6.88,32.15,18.85,High,Rice
132.75,31.18,68.05,6.24,16.95,12.35,Medium,Oats
57.89,25.67,130.14,5.16,29.13,19.38,High,Rice
124.98,26.7,173.11,4.97,21.91,41.93,Low,Millets
25.49,30.27,28.3,6.69,15.14,32.16,Medium,Cotton
128.5,48.18,75.93,8.11,23.07,35.24,Low,Millets
27.85,54.06,203.67,5.88,19.7,19.0,Low,Groundnut
65.62,57.54,120.32,7.43,31.38,35.18,Medium,Cotton
121.62,48.28,141.18,7.13,21.75,10.98,Medium,Oats
30.99,22.35,113.88,8.23,31.55,23.14,Medium,Pulses
42.1,42.85,20.54,7.78,15.01,31.94,Medium,Cotton
111.12,29.07,49.78,6.77,21.16,15.11,High,Rice
110.81,19.01,116.93,7.13,19.82,38.81,High,Maize
99.76,51.25,60.2,8.09,19.67,18.23,Medium,Barley
107.15,7.11,21.99,6.1,16.36,32.83,Medium,Barley
85.98,54.6,212.48,5.81,18.74,24.18,Low,Millets
45.25,30.38,245.49,4.54,26.11,30.86,Low,Millets
58.4,40.05,200.35,7.81,20.83,13.76,Low,Groundnut
35.42,41.26,214.91,7.7,23.35,10.59,Low,Millets
137.18,54.23,68.07,4.92,22.54,41.83,Low,Groundnut
91.67,40.02,240.55,6.81,32.52,19.44,High,Wheat
66.12,38.77,57.26,6.36,33.11,38.69,High,Maize
74.68,8.67,238.34,4.97,24.86,44.98,Low,Millets
142.62,33.51,248.76,8.42,21.6,17.4,Low,Groundnut
31.47,13.26,180.81,5.36,17.14,19.28,Medium,Cotton
92.07,45.56,245.47,4.77,34.07,33.2,Low,Groundnut
80.82,33.17,146.69,6.88,16.2,43.79,High,Wheat
95.6,42.41,72.29,7.46,20.95,42.05,High,Sugarcane
12.54,7.29,114.88,4.63,20.96,27.6,Low,Millets
132.1,9.66,152.45,7.13,21.41,37.83,Low,Groundnut
140.5,44.4,27.54,6.63,18.29,14.75,Medium,Barley
89.12,8.96,159.36,4.91,30.66,44.21,Low,Millets
107.53,8.92,245.48,5.19,17.45,43.75,Low,Millets
139.15,5.67,55.63,6.77,27.7,15.73,Medium,Pulses
109.01,57.61,200.22,5.69,17.48,20.48,Low,Millets
31.36,45.56,227.9,8.25,16.41,13.51,Low,Millets
90.68,24.43,236.49,7.77,33.19,19.51,Medium,Barley
94.94,21.31,240.43,8.43,18.8,38.56,Low,Groundnut
69.38,24.23,135.15,5.54,31.43,23.24,High,Sugarcane
113.1,47.61,244.55,8.38,25.89,13.09,Low,Groundnut
140.81,41.38,191.75,6.22,16.56,21.98,High,Maize
139.58,15.19,48.8,5.89,34.11,44.35,Low,Groundnut
73.12,14.58,124.46,4.7,19.94,32.04,Medium,Pulses
25.85,10.41,182.4,4.71,32.19,24.57,Medium,Pulses
147.88,41.32,69.36,7.27,18.38,15.83,High,Rice
127.45,47.04,163.75,6.33,32.08,44.52,Medium,Cotton
27.45,19.58,169.98,5.41,15.26,38.73,Low,Millets
138.92,6.15,49.05,6.96,25.24,19.85,Medium,Oats
131.79,9.52,145.62,5.51,30.39,12.45,Low,Millets
82.64,58.23,195.19,6.81,33.7,11.98,Medium,Pulses
92.78,21.25,129.73,5.94,33.18,14.21,Medium,Pulses
65.86,47.31,12.9,7.79,31.39,30.33,Medium,Pulses
17.67,39.36,12.17,7.78,32.76,42.51,Low,Millets
56.93,26.01,95.69,6.41,18.98,27.39,High,Sugarcane
122.4,16.31,232.29,5.9,20.68,39.5,Low,Groundnut
10.65,11.68,64.88,5.95,20.78,25.61,Medium,Cotton
56.69,38.83,162.25,7.72,22.54,34.8,Medium,Cotton
65.74,47.6,63.3,5.81,22.87,35.62,Medium,Cotton
85.24,40.41,87.2,5.34,25.89,16.09,High,Sugarcane
138.78,34.17,213.53,4.84,18.2,22.64,Low,Groundnut
58.49,7.31,184.93,6.37,28.82,32.31,Medium,Barley
58.57,58.27,32.9,6.43,18.35,12.47,Medium,Oats
113.25,48.93,112.89,7.86,21.21,22.65,High,Maize
73.31,21.11,17.0,5.38,25.07,28.72,High,Rice
41.44,58.9,125.41,6.02,30.93,44.87,Medium,Oats
73.34,38.1,168.98,7.73,29.79,26.61,High,Sugarcane
29.72,37.03,38.44,7.79,27.91,38.56,Low,Millets
34.69,46.14,79.33,6.04,18.12,25.12,High,Wheat
79.77,49.65,105.48,6.34,25.94,37.87,High,Sugarcane
68.65,41.11,230.69,5.71,16.75,30.84,Low,Groundnut
138.08,12.05,248.38,8.23,22.55,41.03,Low,Groundnut
60.74,23.6,20.78,4.97,23.27,24.38,High,Maize
91.28,56.04,192.64,8.23,15.8,31.15,Low,Groundnut
98.52,17.35,99.21,7.24,20.48,32.05,High,Maize
11.83,25.47,104.19,6.63,34.11,24.61,High,Maize
102.9,28.76,191.02,4.63,34.07,15.05,High,Wheat
34.93,29.17,230.42,6.4,22.05,13.27,Low,Groundnut
144.55,38.71,238.22,6.13,15.86,10.58,Low,Millets
30.81,56.87,148.51,5.14,18.58,40.57,Low,Millets
68.05,18.24,95.71,7.13,22.84,18.28,High,Maize
21.95,11.68,199.01,8.38,33.96,17.4,Medium,Cotton
149.56,15.86,70.24,6.75,17.82,35.76,Medium,Pulses
80.31,53.78,145.38,7.36,30.27,21.2,High,Rice
93.35,40.52,96.06,4.77,17.17,27.71,High,Maize
19.39,20.72,167.59,6.17,34.63,15.69,High,Rice
114.99,49.88,67.7,4.97,22.63,43.59,Medium,Pulses
39.39,52.38,55.98,6.95,30.5,39.81,Low,Groundnut
135.73,51.56,230.38,8.25,21.85,40.23,Low,Groundnut
38.72,55.54,34.43,7.15,27.55,24.24,Medium,Oats
36.7,18.87,131.43,4.81,18.84,36.68,Low,Groundnut
15.12,46.53,63.0,5.92,17.92,15.04,Medium,Oats
76.09,30.33,19.34,6.7,33.76,10.3,High,Rice
89.08,51.31,18.64,6.11,33.35,10.7,Medium,Cotton
19.2,45.07,52.05,7.83,32.75,30.53,Low,Millets
118.57,47.7,218.02,7.76,27.51,25.94,Medium,Barley
73.46,41.09,77.79,6.95,31.17,28.13,High,Wheat
83.41,14.76,238.11,5.99,16.38,10.26,Low,Millets
71.71,34.98,149.59,5.52,21.7,24.79,High,Rice
66.11,59.16,114.79,4.92,21.27,35.13,Low,Millets
88.35,56.56,149.22,5.92,27.71,25.49,Medium,Barley
31.73,7.37,134.01,6.15,22.12,35.63,Low,Millets
35.47,14.06,192.11,7.2,17.97,18.16,High,Sugarcane
130.65,12.25,77.8,7.13,26.93,38.46,Medium,Oats
142.46,44.93,94.73,4.78,31.29,30.6,Low,Groundnut
62.26,49.98,224.58,6.08,22.64,17.38,High,Wheat
47.9,16.74,237.15,5.23,17.65,18.29,Medium,Cotton
100.16,32.82,224.21,5.13,18.93,31.98,Low,Groundnut
67.22,51.24,110.67,7.81,19.75,39.05,Low,Groundnut
13.55,45.3,197.29,4.67,21.0,24.55,Medium,Oats
31.86,34.82,124.32,6.18,27.86,19.04,High,Sugarcane
110.24,37.47,129.41,5.17,27.02,40.35,Medium,Oats
102.25,32.96,59.12,8.02,28.92,33.42,Medium,Pulses
13.79,21.37,151.87,6.73,22.25,25.68,High,Wheat
41.08,36.08,54.67,5.43,31.48,27.08,High,Rice
42.35,42.89,89.58,6.51,19.08,17.15,High,Rice
104.06,53.03,215.21,7.43,24.38,31.94,Low,Millets
12.76,40.0,59.7,8.33,31.02,22.56,Medium,Barley
24.58,46.86,27.08,5.38,18.6,44.85,Low,Millets
121.99,13.8,26.56,8.04,17.2,26.81,Medium,Oats
35.0,30.39,235.79,8.24,32.67,27.01,Low,Millets
101.38,5.51,131.66,8.17,21.86,29.8,Medium,Cotton
43.35,18.57,108.26,7.04,28.68,42.09,High,Maize
23.92,44.96,204.61,7.02,15.51,38.03,Low,Groundnut
44.04,59.55,210.6,6.11,28.8,25.79,Medium,Cotton
111.12,10.45,89.73,7.51,21.32,35.15,Medium,Oats
129.8,27.08,176.47,6.63,16.11,30.52,Medium,Pulses
126.23,49.0,195.07,7.21,27.2,27.23,High,Rice
65.61,16.22,167.12,6.21,19.82,16.73,High,Maize
103.53,35.53,46.38,7.43,22.74,26.24,High,Sugarcane
38.7,45.32,220.21,7.8,16.61,18.6,Low,Millets
51.04,38.88,139.38,5.09,17.94,42.02,Medium,Pulses
135.49,15.34,77.79,7.83,20.96,21.74,Medium,Barley
11.82,24.55,112.05,6.66,16.8,43.33,Medium,Oats
21.97,48.11,19.02,7.88,33.22,28.66,Medium,Cotton
39.1,35.48,40.69,6.23,15.12,32.1,Medium,Oats
13.71,5.29,193.73,6.02,24.68,29.0,Medium,Pulses
35.4,46.85,10.0,8.16,17.46,14.53,Low,Groundnut
91.63,6.94,109.98,5.5,21.15,23.15,Medium,Cotton
69.0,46.02,135.4,7.88,33.52,13.47,Medium,Barley
134.97,16.14,23.11,6.44,18.23,31.8,Medium,Barley
124.44,57.69,243.54,6.56,34.32,25.64,Low,Millets
57.85,25.24,64.27,5.73,19.12,37.23,Medium,Pulses
46.32,22.98,83.01,6.79,29.83,17.72,High,Rice
63.16,13.19,82.95,5.8,25.93,15.76,High,Maize
92.64,21.81,65.3,4.66,32.69,24.22,High,Sugarcane
47.53,53.22,10.35,5.59,26.08,42.43,Low,Groundnut
97.38,59.8,185.04,4.53,25.69,34.86,Low,Millets
67.32,25.26,242.04,8.41,18.91,24.66,Medium,Pulses
87.29,29.67,63.83,8.36,18.32,28.1,High,Wheat
71.06,44.71,169.13,6.08,33.33,12.95,High,Rice
51.23,53.74,188.06,7.41,21.56,44.46,Medium,Cotton
142.78,37.62,213.62,5.88,22.44,33.32,Low,Groundnut
116.9,26.53,111.43,7.18,30.2,19.99,High,Sugarcane
29.62,27.69,82.7,7.72,21.78,30.5,Low,Millets
131.59,43.26,88.07,8.29,34.04,13.83,Low,Millets
78.24,5.18,181.03,6.1,29.76,43.8,Medium,Barley
135.24,39.08,206.03,7.63,26.95,16.12,Low,Groundnut
121.98,24.55,53.59,5.56,32.62,32.68,Low,Millets
69.53,48.68,99.03,8.46,15.99,18.59,High,Rice
13.15,10.11,226.47,4.6,20.14,35.11,Low,Millets
47.61,37.35,203.61,6.91,24.3,37.19,Medium,Barley
85.83,31.45,246.37,7.14,19.54,33.57,Medium,Cotton
98.69,40.33,191.02,7.25,29.88,31.51,High,Sugarcane
46.1,8.57,104.37,4.98,33.38,41.24,Low,Groundnut
29.51,36.9,151.75,8.25,23.48,12.75,Low,Groundnut
126.89,35.88,168.64,5.22,21.84,21.58,Medium,Oats
147.82,35.84,28.83,6.99,34.23,18.69,High,Wheat
83.6,38.19,140.68,5.39,23.9,44.58,Medium,Cotton
34.04,42.21,180.24,5.73,24.78,23.63,Medium,Pulses
48.12,49.27,50.16,6.69,22.03,35.64,High,Maize
12.57,19.84,197.35,6.17,33.19,33.97,Medium,Cotton
138.0,50.38,150.11,5.14,26.38,17.42,Low,Groundnut
26.49,32.4,238.53,5.18,30.24,18.36,Low,Millets
90.71,9.24,20.18,6.17,31.24,19.84,High,Rice
48.37,8.22,73.68,7.53,21.84,24.39,Medium,Pulses
87.58,23.38,154.37,8.09,23.67,18.2,High,Wheat
101.2,48.17,81.17,4.84,31.97,10.69,Medium,Cotton
126.16,43.92,181.46,6.07,22.27,40.78,Medium,Cotton
38.9,48.37,192.16,4.9,30.88,43.8,Low,Millets
11.54,33.45,34.6,4.57,33.82,21.95,Medium,Barley
29.16,29.21,133.33,7.15,27.46,21.85,High,Rice
136.0,13.11,132.13,6.91,29.83,10.25,Medium,Oats
132.34,23.05,98.63,5.15,31.1,33.81,Low,Millets
93.64,28.87,233.9,5.44,31.9,38.89,Low,Millets
94.07,9.87,208.6,4.59,22.9,15.13,Low,Millets
103.11,17.13,177.33,7.84,16.03,15.59,High,Rice
34.55,37.9,181.44,8.4,23.04,37.65,Low,Millets
138.02,45.46,120.81,5.04,28.48,31.57,Low,Groundnut
68.63,59.91,231.04,5.43,24.01,11.57,Low,Groundnut
63.64,56.32,176.7,7.97,29.98,31.79,Low,Millets
82.65,40.34,184.96,8.21,22.14,20.81,High,Sugarcane
16.58,28.17,216.81,6.18,27.69,22.91,Medium,Oats
33.28,39.99,75.78,4.7,18.73,36.94,Low,Millets
113.32,48.21,203.7,4.66,29.99,38.38,Low,Groundnut
21.59,11.51,56.86,6.8,25.91,24.01,High,Wheat
94.44,27.54,92.88,6.07,19.08,43.15,High,Maize
44.35,51.19,90.55,4.61,20.84,24.23,Medium,Cotton
64.5,26.11,244.85,6.83,29.97,37.01,Medium,Pulses
50.42,36.45,215.57,4.55,24.65,26.94,Medium,Cotton
59.79,37.33,178.28,7.65,19.32,41.41,Medium,Oats
110.67,15.15,184.49,5.73,34.35,41.77,Medium,Pulses
51.6,24.92,144.9,4.66,29.3,13.06,Medium,Oats
89.3,23.4,237.3,6.85,34.14,42.78,Medium,Cotton
76.65,6.44,129.1,6.09,23.54,38.89,Medium,Oats
102.91,6.33,101.32,8.4,24.5,37.7,Low,Groundnut
141.16,50.74,49.13,6.68,32.96,17.03,Medium,Oats
112.56,20.02,198.69,5.6,25.5,38.18,Medium,Barley
40.09,33.49,186.27,7.34,29.15,39.75,High,Wheat
14.37,21.43,102.25,5.59,20.04,20.12,Medium,Pulses
46.72,56.74,16.05,8.12,23.93,43.33,Low,Groundnut
93.31,19.26,211.36,6.0,17.47,11.75,Medium,Barley
17.2,28.63,12.74,6.7,19.12,15.25,High,Wheat
79.49,53.0,178.89,4.7,15.02,28.82,Medium,Oats
93.56,51.31,242.86,6.2,15.79,30.15,Low,Groundnut
56.79,15.24,115.04,7.83,34.55,32.58,Medium,Oats
117.93,49.15,66.39,7.72,19.85,10.59,Medium,Oats
24.92,30.2,179.17,5.4,28.27,43.61,Low,Millets
20.52,31.56,206.11,5.4,31.78,11.56,Low,Groundnut
111.95,12.34,141.14,7.77,26.01,15.01,High,Wheat
79.37,9.43,242.09,8.22,18.06,10.49,Low,Millets
106.38,45.04,22.4,4.88,29.56,29.84,High,Maize
70.88,32.31,131.15,6.3,27.01,42.63,High,Maize
44.5,29.03,182.43,5.85,29.63,33.31,Medium,Oats
124.67,45.12,217.03,7.98,30.39,38.79,Low,Groundnut
121.92,47.1,53.02,4.83,34.51,10.46,Low,Groundnut
107.26,13.74,202.0,5.34,26.47,28.97,Medium,Pulses
48.1,38.56,142.65,7.51,21.83,26.08,High,Wheat
92.63,12.44,105.17,4.71,27.97,27.46,High,Rice
60.54,46.33,41.61,6.47,16.37,12.53,High,Maize
22.82,41.13,217.67,6.27,32.95,33.96,Low,Groundnut
138.42,57.61,47.75,5.84,17.39,27.61,Low,Millets
29.15,8.79,84.35,6.08,21.56,36.78,Low,Millets
143.03,8.14,79.61,6.62,31.31,26.99,Medium,Oats
72.44,20.52,219.14,5.15,26.95,15.23,Medium,Oats
